{"tmvTz40ocZ2p3jhkEb+NfA==":"logo-3-50x46.png","gtpkktS6VmB74hYWb+NZ7w==":"av2-2-326x368.png","O6uHM5hbOvyWo0ERdXmDBQ==":"av3-2-262x193.png","ICTXXWrHr+h26Cjm/dc2XQ==":"av6-2-190x177.png","nYu0rmpg4Sn2ykiTdHK3PQ==":"av2-3-326x368.png","PWZmFGZPcsEO/1DDiWpDbw==":"av4-2-200x146.png","7hyHtqXVGkMMnhX1WJmWaQ==":"av8-300x300.png","g24zxGlSG2IH2WjeffcCuQ==":"product1.jpeg","vkDrIlR937Z7pUt/DJZioA==":"avenue-1600x1200.jpg","Te0Y5QnvdTT/+1udk8DVDw==":"av2-2-260x190.png","rG+yTxNVSnRa3ZeSBuzQ3A==":"av3-2-260x190.png","whb6AbDuXfhOpUJfmtMBQA==":"av6_2-2-190x177.png","lhwQcmCtzCdhqbcRiOAGOQ==":"av8-260x190.png","UAc7kepzJPkrSn4uqTRvmw==":"background4.jpg","th9RkW+8Fs6OCQ4W4IIxeg==":"s1-240x148.png","YTrdyrP32c29Vl8azBLAXA==":"s3-296x170.png","7z9/uhpW+KN0zu5q5QJqxQ==":"s3-1-296x170.png","VzLnOomH6kPK7tCOE+y+lQ==":"s5-240x168.jpeg","65OYFTsQUciO9B7XMBnDhg==":"s7-425x336.jpeg","tIFYUIP8ltRVYJYUoKd7kA==":"s8-309x163.png","mIIbxW0r7dEZSbMPwcoYdg==":"background2.jpg","HHbAtrTcmwlri225giSiVQ==":"3ds7-680x838.png","XBCZHzJjWzuu3hFmC2mZAg==":"3dc7-952x774.png","4TF2DxcbxhMGNZLQd/zHHQ==":"3dc6-952x770.png","o38CrTl9pKP39cMvqKZYgQ==":"3dc5-952x753.png","m1Nu3o2qEGhi35DfxGz/eA==":"3dc4-1-952x659.png","nVnc/vu+2GslM7MbjTccHA==":"3dc3-952x773.png","YBomBPoJgn6fbsmSj4nExQ==":"3dc2-952x754.png","k2zqiRn4H2ajLXNYRS+tPQ==":"3dc1-952x767.png","BBz0NB+fbqCwZyhkXP1udQ==":"advert%20twitter-2000x1206.png","UTmRJf4Ap7U4kgV05bqYKA==":"3ds4-680x867.png","sPiS7kGfRILkjWhZDmGF7Q==":"3ds5-670x877.png","6QeaYACfZ0K9ys1e2D0GpQ==":"3ds6-666x886.png","ihsMfy60551UrQ/srw7WAQ==":"3ds3-654x903.png","EwxOK1UnVzzXOWwvFdkeuQ==":"3ds2-615x899.png","9bbw0Kdot2hkkDtaLUlzmg==":"3ds1-626x909.png","EnZo+Am7bI1vn73nQYREIA==":"kayode-1-100x129.jpg","3G2/9oZ2MpE66JHK45kR1g==":"tutu-131x150.jpg","taeO8aU3SZiHpjKnjOJvtQ==":"tope-510x593.jpg","E+EktbMUcxBXXDJNlrhX2w==":"ope-510x582.png","nSZhaji8jVb4YJyI2HH9IA==":"1gid-1920x928.jpg","dZ/mwPoNk4Aqspuqm/MIdw==":"2gid-1920x674.jpg","IvC5Gl9Y54be3+j5rV//yw==":"3gid-1280x720.jpg","O+dAOyz9oMLJi7/HWNwYRw==":"4gid-2000x1445.jpg","aToYD3vTA+ml3knhHSHryQ==":"5gid-1280x589.jpg","nLJdviLn11s3EQp08VlT3g==":"6gid-1920x1080.jpg","yiX4XtY07Moe/i/M/mHvcw==":"7gid-1920x1280.jpg","ooDhg4+ljZTZt79VKSZVhw==":"8gid-1920x1043.jpg","MsqZTCpDtd8gzfoHumxO/A==":"9gid-1920x1280.jpg","PO7k36E6w2uQ3t6rigInAg==":"10gid-1920x1280.jpg","Dtl62aoMOfiS2OBhS43kPA==":"11gid-1-1920x1281.jpg","LEoh3Szoac2pXb7oDpW+8g==":"12gid-1920x1280.jpg","m9B15bKKI5CpM6Rzr+/TSA==":"13gid-1920x1271.jpg","avh6lc/ciVrFZ2UoFL0eZg==":"ccq1-503x650.png","qfiCSGybKwU0VF4FF1Gquw==":"ccq2-503x644.png","dgStWpMKWHsWVmQAJq/Zuw==":"ccq3-503x663.png","CKmaz+vqnF3GPc0UvWItfQ==":"ccq4-503x663.png","R3vfFlzEfN2OS+T6XTyEyg==":"ccq5-503x663.png","XulLpFyGgIADJOORSDLvnQ==":"ccq6-503x663.png","k45hi58+r4BgNW1rAcKEuQ==":"ccq7-503x663.png","u24y8LbEFRTNx/dKzptF/w==":"ccq8-503x669.png","OyhSURixKZ2lZe9LPbbvKg==":"ccq9-503x669.png","hp2O6QtfPsfGauazsXNjkg==":"ccq10-503x669.png","9OYHv9QcCYep9/tuag2IGw==":"ccq11-503x669.png","wOtcOrzpN1wh5kzoLH/K3w==":"ccq12-503x669.png","2biPl9HQdhZerpuZYz5UcA==":"ccq13-503x669.png","ezHAE8ls8Zy2Sj1slajAHA==":"ccq14-503x669.png","vW3XeG4cyaLELkHDWkDQyg==":"ccq15-503x669.png","KQ4E2DoMVMLsNM1xo3SyPA==":"ccq16-503x669.png","AwATj5z8Cv7YGHRoKQSd2g==":"ccq17-503x669.png","wCq9j7wbnS1U2uBXeYPMdw==":"ccq18-503x669.png","/aHXy628CbBE03uZf8AKtQ==":"ccq19-503x669.png","l2lCJr3waKJG2U5CP3lsHA==":"ccq20-503x669.png","Y1AchaRxQiAP9V2bth0Ekw==":"ccq21-503x669.png","aVU+IaR1kOaYi67LIYGCLA==":"ccq22-503x669.png","hZVb4quXFB9tvVmt2m2HoA==":"ccq23-503x669.png","vC5AJxuivJDu8xV7XnIpFg==":"ccq24-503x669.png","c227eHfFRNAl4TOKouviNA==":"bimbo-379x403.png","grVgFN+mjrStYRvIlRMV3w==":"sanmi-240x300.png","W6QsLdmA6t33XiVhNjTfKQ==":"kehinde-2-134x140.png","3UxfHtZZvMtc21+pdcKZvA==":"falodun-2-202x211.png","3CRAJpyyAQrTrqHmtKVcyQ==":"wumi-430x463.png","pR/gpvlXXm97yaSaozIaBQ==":"toyin-353x409.png","bU8vs05d2g1L24WOGC5TwA==":"tobi-552x552.png","OkTpICll5XSRKe51Dq51ZA==":"stephen-453x470.png","BtebnxsJnihkjLZUrKDeZA==":"ibukun-552x552.png","iqOfohktwECHEx+I0ui2yA==":"yinka-438x421.png","aOZPKPZyNlw/kIL+nbLM+A==":"femi-371x405.png","pDvNesz2ex40fnx5vEM7jA==":"ope-552x630.png","VnsizGXCPGDjoJDBYPebeg==":"tosin-414x445.png","kWGUi2SbQfx12z+rCEnWFg==":"tosin-500x500.png","H/1LjiZgS4mYXm6jaaSzow==":"ope-500x500.png","jAKXVCjZL7V7AQe3JAKxtw==":"femi-500x500.png","EgRWWjvSB1NVF630Sv6n7g==":"yinka-500x500.png","iZ2Did02tjv6guKyMIBtlQ==":"ibukun-500x500.png","GzJuM46dKYNz0Jep3V7ZsA==":"stephen-500x500.png","etcDhMObbAdyFf9o0CxqWQ==":"tobi-500x500.png","G8WRzf/Msqt3QkcvJYtTrg==":"toyin-500x500.png","rkOPny9C+z34VtuY24thRw==":"adeoye_2-removebg-preview-1-430x430.png","iHlKHiecTIWB2ffijBn2/w==":"tosin-ojuri-removebg-preview-430x430.png","2KhXLRpk1M0pVnO3NzULvg==":"iosef_1-removebg-preview-430x430.png","tDHcua+MCCGh+6Qozh0+Dw==":"sanmi_1-removebg-preview-430x430.png","5V5+p44gSJJeDSlysWFaRw==":"iosef_1-removebg-preview-1-430x430.png","d6QH1FlyX+Vfe+FcubksSw==":"adeoye_2-removebg-preview-2-430x430.png","HeB9oODnWStloDqDrOdaNA==":"sanmi_1-removebg-preview-1-430x430.png","DLhd19HXJzjJOrNd0b/jSw==":"bimbo-2-430x430.png","2aBJBw1dnH52SB9a3bXJtA==":"tope_3-removebg-preview-500x500.png","NsjQD6yscKmnuF3WcpasvA==":"tutu-removebg-preview-500x500.png","DimR7cH/dxNGSRPVFZrRNQ==":"tutu-removebg-preview-1-500x500.png","/zyMSq6lWokio9KCXpf5FQ==":"kayode-1-100x129.jpeg","i86LcoyzjTwAbgEzGRSq0w==":"av2-2-500x500.png","49BgXu30tEo0Ed0Zl/HPww==":"av3-2-500x500.png","hf1ssht7mDBcJof+QLwMWQ==":"av6-2-500x500.png","OuvFfP2zliOkX1ypjfkJ/A==":"av4-2-500x500.png","LffZP7yYKisHyHeiLoAuTA==":"av8-500x500.png","MW53qgv7o32av5n3YvJQxA==":"av5-2-500x500.png","/F+IFdxHG1lna7Osl+Y7Cw==":"norway-1890655-2000x1334.jpg","IR9Y2+TXio/qipB8anLsww==":"1gid-500x300.jpg","X1FljJN4gMShDStVJPc2mQ==":"2gid-500x300.jpg","xSYab6PCwXWOWyrDpRir8w==":"3gid-500x300.jpg","OQlshVms8m4XZAWPhaItaw==":"4gid-500x300.jpg","kC0YLRj2wkDJdQqGBQwsZQ==":"5gid-500x300.jpg","ToYtCjoCBCxwlBGaiqQg2g==":"6gid-500x300.jpg","fUgbX21N6DjmC+k49Hl/JQ==":"7gid-500x300.jpg","ywqvE2nXs6M50VdbziBPdA==":"8gid-500x300.jpg","HtdAvG5qb6az5qtue1JIqA==":"9gid-500x300.jpg","IuAJyCdF3Z+cnOBtZAQ3Og==":"10gid-500x300.jpg","ZYBJO9NEVNZpX8USgjcROA==":"11gid-500x300.jpg","5GeAgHVRkb7wswa2bXHHgQ==":"12gid-500x300.jpg","a2SMepOo64zEr0mSmw30ow==":"13gid-500x300.jpg","jTb57v6qFy8r578f32LWRA==":"7gid-492x295.jpg","Hd2pOsFgg2ykABCzqAHgGw==":"5gid-492x295.jpg","qgopoeigWMvKyZQ0So++Fg==":"why-2028045-1280-492x295.png","rlh7XKAQB+a3Ae/7uCLTLw==":"bible-1149924-1280-492x295.jpg","QriIpcABv7YIUjuAigKjyQ==":"motivation-3227624-1920-492x295.jpg","809legtBZoE+qVdI+5ZqaQ==":"zen-686333-1280-492x295.jpg","3kb1pqhG9AzSB74GzLXTxQ==":"garbage-3259455-1920-492x295.jpg","msDzjTXUlK03TK4nYIo1lA==":"aurora-3390796-1920-492x295.jpg","Cw4LT24O82XOoSc4gFYqtg==":"book-3649698-1920-492x295.jpg","1S7iyKzSX+uAx3dnXP9I8Q==":"customer-experience-3024488-1920-492x295.jpg","tA4fWWlFMrxxqErB35eqaA==":"why-2028045-1280-492x295.jpg","YozH8zs4IQvMj4ZB+ta27Q==":"zen-686333_1280_2-2-492x295.jpg","nDp+3qJIcDTcFYLwc980jQ==":"why-2028045-1280-1280x640.png","rLLo8jlArRnIdaT6nQs1Pg==":"bible-1149924-1280-1280x854.jpg","4x5w48WW+DmE1/3COiSmAg==":"motivation-3227624-1920-1920x768.jpg","EDki+ve/A1HwzNr4fXtzvw==":"zen-686333-1280-1280x960.jpg","J6yVCtrBaGU+QbvI8rob5A==":"zen-686333-1280-1280x960.jpeg","wy6C7+zkoxbc7cuIL1LWiw==":"garbage-3259455-1920-1920x1280.jpg","5Lne3VjnskP6iqhpi9yRXQ==":"garbage-3259455-1920-1920x1280.jpeg","8edPLBwNv80XNRwU3NZTKw==":"aurora-3390796-1921-1920x1920.jpg","qUwUqonqcWSuP6m76cJDmA==":"book-3649698-1920-1920x1275.jpg","qgTEvkw2/qkhllLMPEUHiQ==":"book-3649698-1921-1920x1275.jpeg","C1pYaPX14qxJ1jP9W9DroQ==":"book-3649698-1920-500x300.jpg","+0fXzdSD5Vy8hyCfffkkGg==":"customer-experience-3024488-1920-1920x1396.jpg","VmAiy+ywiPv5NKdtxMnhmQ==":"customer-experience-3024488-1920-1920x1396.jpeg","rHAoqHmULx0RETh+MLAkIw==":"why-2028045-1281-1280x640.png","pa5Dkwo/T1qgW/t0h+fQvA==":"background5-1.jpg","mUJG1NBAdxK0wSBp1RSbJw==":"ccq6-480x633.png","rNz2Fz/nR8j0KeLAtzBYig==":"anyflip-200x200.png","dJLXops2NuwfJXj3YIa75Q==":"free%20ebooks-200x200.png","yMk79Ao11zDX0ZDl3IYTig==":"issuu-200x200.png","LlOfHM2oRtovY8SwTXTkFQ==":"yumpu-159x117.png","cj3wZAK5rM10GtFCXL6xig==":"1-2000x325.png","AJOO808Oqbm2eXSzNN6DeA==":"free%20ebooks-225x225.png","Jcgnd+89nU6Meemxrup16g==":"1-1-2000x325.png","sZafuOxqkyasAM+YMXCSDA==":"collage-2000x1500.jpg","ZVc1FclzloHsm2BnMOh6qA==":"tag-710x441.png","0Dpl5zl5JRhkOIznQvr7UQ==":"light-bulb-2631841-2000x1336.jpg","/2KncQDQW6/8Txa70GCX0Q==":"notebook-1198156-1024x637.jpg"}